201607262					
TV	active	Intelsat 901	26824	1 26824U 01024A   16201.29709853 -.00000145  00000-0  00000+0 0  9992	2 26824   0.0367 306.7901 0003002 173.5686 266.0996  1.00272499 55302
TV	active	Astra 2C	26853	1 26853U 01025A   16201.91679039 +.00000041 +00000-0 +00000-0 0  9991	2 26853 000.0675 297.5644 0003534 181.7052 209.1859 01.00273018008789
TV	active	Intelsat 902	26900	1 26900U 01039A   16202.09611126  .00000029  00000-0  00000+0 0  9997	2 26900   0.0210  47.9839 0003077  75.4001 271.5163  1.00263504 54483
TV	active	EUTELSAT 12 WEST B	26927	1 26927U 01042A   16202.09326523 -.00000106  00000-0  00000+0 0  9991	2 26927   0.0696 342.3260 0005124 130.2625 206.7854  1.00271778 54239
TV	active	Directv 4S	26985	1 26985U 01052A   16202.44319751 -.00000119  00000-0  00000+0 0  9994	2 26985   0.0450 250.4030 0002041 233.2629 233.3233  1.00272170 53714
TV	active	Insat 3C	27298	1 27298U 02002A   16201.85725439 -.00000082 +00000-0 +00000-0 0  9996	2 27298 000.0448 091.7397 0005946 008.5368 220.3797 01.00272314053116
TV	active	Echostar 7	27378	1 27378U 02006A   16202.38786005 -.00000006  00000-0  00000+0 0  9999	2 27378   0.0552 265.8075 0000926 219.9012 193.7191  1.00272413 52777
TV	active	JCSat 2A	27399	1 27399U 02015A   16201.50954900 -.00000170  00000-0  00000+0 0  9998	2 27399   0.0247  75.6290 0001482 165.3136  34.2204  1.00270436 52324
TV	active	Astra 3A	27400	1 27400U 02015B   16201.72234594 -.00000015  00000-0  00000+0 0  9993	2 27400   3.1780  70.3819 0000471  38.4004 321.5029  1.00694862 52424
TV	active	Directv 5	27426	1 27426U 02023A   16201.47905900 -.00000060  00000-0  00000+0 0  9998	2 27426   0.0210  54.0823 0003607  75.0493 230.9004  1.00267547 52010
TV	active	Intelsat 905	27438	1 27438U 02027A   16202.13169233 -.00000190  00000-0  00000+0 0  9994	2 27438   0.0038  14.9259 0002473  95.2759 211.0331  1.00271780 51676
TV	active	N-Star-C	27461	1 27461U 02035B   16200.70011551 -.00000315  00000-0  00000+0 0  9998	2 27461   4.0092  66.7553 0003951  16.6992 241.4838  1.00269320 51368
TV	active	Eutelsat 33D 	27499	1 27499U 02038A   16201.97642632 -.00000047  00000-0  00000+0 0  9994	2 27499   0.1104  74.3541 0003506  77.0417 208.6199  1.00271938 50936
TV	active	Echostar 8	27501	1 27501U 02039A   16201.29560443 -.00000247  00000-0  00000+0 0  9995	2 27501   0.3939  89.9586 0003397  29.8745 207.1996  1.00271014 50974
TV	active	EUTELSAT 36 WEST A	27508	1 27508U 02040A   16202.27095595 -.00000250  00000-0  00000+0 0  9998	2 27508   0.0662 355.2348 0002103 139.7282 225.0505  1.00275331 50967
TV	active	Intelsat 906	27513	1 27513U 02041A   16201.53104980  .00000010  00000-0  00000+0 0  9995	2 27513   0.0277 283.0978 0002199 210.9041  59.0542  1.00271573 50670
TV	active	Hispasat 1D	27528	1 27528U 02044A   16201.87062866 -.00000221  00000-0  00000+0 0  9992	2 27528   0.0501 301.8926 0002732 153.1981 126.4268  1.00272224 50658
TV	active	AMC 9	27820	1 27820U 03024A   16201.43987344 -.00000220  00000-0  00000+0 0  9994	2 27820   0.0138   0.8249 0002971 118.6380 253.5313  1.00271297 48049
TV	active	Echostar 12	27852	1 27852U 03033A   16202.10181505 -.00000287  00000-0  00000+0 0  9992	2 27852   0.0583 274.7505 0002097 236.3313 122.5375  1.00270616 47695
TV	active	Amos 2	28132	1 28132U 03059A   16202.19009711 -.00000040  00000-0  00000+0 0  9996	2 28132   0.0319  76.4065 0003822  29.6088 256.7736  1.00271333 46104
TV	active	SESAT 2 (EXPRESS AM-22)	28134	1 28134U 03060A   16201.78256487 -.00000142  00000-0  00000+0 0  9991	2 28134   0.0315 156.9390 0000916  10.0412 132.8424  1.00271876 45999
TV	active	AMC 10	28154	1 28154U 04003A   16201.62825484 +.00000084 +00000-0 +00000-0 0  9998	2 28154 000.0534 277.3740 0003257 183.4257 288.2059 01.00271503045621
TV	active	ABS-4	28184	1 28184U 04007A   16201.72673258  .00000036  00000-0  00000+0 0  9992	2 28184   0.0048 355.3729 0001617 121.6135 143.5360  1.00272612 45287
TV	active	Eutelsat 7A	28187	1 28187U 04008A   16201.04078506  .00000045  00000-0  00000+0 0  9996	2 28187   0.0702 338.3731 0005573 163.8712 176.6987  1.00276528 45276
TV	active	Directv 7S	28238	1 28238U 04016A   16202.44274775 -.00000004  00000-0  00000+0 0  9999	2 28238   0.0344 315.4622 0003048 170.1042 213.3917  1.00271286 44785
TV	active	Anik F2	28378	1 28378U 04027A   16201.62668668 -.00000054  00000-0  00000+0 0  9998	2 28378   0.0164  23.3162 0000574 104.9001 284.1634  1.00272471 44065
TV	active	Amazonas 1	28393	1 28393U 04031A   16202.18605925 -.00000252  00000-0  00000+0 0  9999	2 28393   1.0626  85.3643 0003289  46.3053 197.5282  1.00272054 43837
TV	active	AMC 15	28446	1 28446U 04041A   16202.44310602 -.00000094  00000-0  00000+0 0  9997	2 28446   0.0410 302.4699 0002893 174.9789 235.6581  1.00271526 43103
TV	active	AMC 16 (GE 16)	28472	1 28472U 04048A   16202.10366459 -.00000211  00000-0  00000+0 0  9998	2 28472   0.0407 298.5426 0002887 189.9279 122.1558  1.00272159 42526
TV	active	Express AM2	28629	1 28629U 05010A   16202.09804461 -.00000143  00000-0  00000+0 0  9994	2 28629   1.6583  80.9042 0001362  77.3611 255.3527  1.00272415 41424
TV	active	Apstar 6	28638	1 28638U 05012A   16202.45131531 -.00000323  00000-0  00000+0 0  9997	2 28638   0.0217  71.2705 0002985  41.7184 122.1495  1.00272204 66127
TV	active	Spaceway 1	28644	1 28644U 05015A   16202.36530949 -.00000108  00000-0  00000+0 0  9994	2 28644   0.0108 219.7201 0000467 290.1877 177.2521  1.00269986 41223
TV	active	Directv 8	28659	1 28659U 05019A   16200.45611388 -.00000118 +00000-0 +00000-0 0  9991	2 28659 000.0078 060.5705 0003311 060.3474 239.1116 01.00272033040849
TV	active	Galaxy 14	28790	1 28790U 05030A   16201.56358106 +.00000032 +00000-0 +00000-0 0  9993	2 28790 000.0125 037.6790 0002828 076.7840 261.1986 01.00271451040020
TV	active	Anik F1R	28868	1 28868U 05036A   16201.36648105 -.00000078 +00000-0 +00000-0 0  9995	2 28868 000.0200 055.3073 0002642 032.2132 234.6809 01.00271790010219
TV	active	Spaceway 2	28903	1 28903U 05046B   16201.38637912 -.00000131  00000-0  00000+0 0  9991	2 28903   0.0153 230.0087 0000226 195.9046 271.7033  1.00272750 39196
TV	active	Echostar 10	28935	1 28935U 06003A   16202.14058916 -.00000061  00000-0  00000+0 0  9998	2 28935   0.0608 277.0927 0002493 231.8650  89.8084  1.00272681 38229
TV	active	EUTELSAT HOT BIRD 13E 	28946	1 28946U 06007B   16201.13801773  .00000083  00000-0  00000+0 0  9992	2 28946   0.0212 226.5414 0006237 276.1766 217.3222  1.00273413 38004
TV	active	JCSat 5A	29045	1 29045U 06010A   16201.60743789 -.00000333 +00000-0 +00000-0 0  9991	2 29045 000.0139 336.9696 0002008 132.9991 178.5665 01.00270921037483
TV	active	Astra 1KR	29055	1 29055U 06012A   16202.10191843  .00000114  00000-0  00000+0 0  9993	2 29055   0.0735 272.8074 0002854 249.4534 191.9230  1.00271043 37450
TV	active	Eutelsat 113 West A	29162	1 29162U 06020A   16200.48976364 -.00000040  00000-0  00000+0 0  9998	2 29162   0.0369 271.2011 0002671 215.0961 233.7242  1.00271302 37160
TV	active	Galaxy 16	29236	1 29236U 06023A   16202.32707206 -.00000132  00000-0  00000+0 0  9997	2 29236   0.0316 231.7130 0002992 246.6978 198.8584  1.00271401 36979
TV	active	Eutelsat Hot Bird 13B	29270	1 29270U 06032A   16201.73827400  .00000083  00000-0  00000+0 0  9992	2 29270   0.0610   1.0798 0002977 101.7493 113.9226  1.00277442 36565
TV	active	JCSat 3A	29272	1 29272U 06033A   16201.60743789 -.00000350 +00000-0 +00000-0 0  9997	2 29272 000.0255 307.9302 0002234 172.0586 164.5110 01.00270446011442
TV	active	Optus D1	29495	1 29495U 06043B   16201.75818853 -.00000115  00000-0  00000+0 0  9994	2 29495   0.0399 309.7336 0003467 166.8796 254.2999  1.00272060 35855
TV	active	AMC 18	29644	1 29644U 06054B   16202.44310602 -.00000095  00000-0  00000+0 0  9995	2 29644   0.0358 296.3474 0002769 171.3505 245.5124  1.00271387 35273
TV	active	Measat 3	29648	1 29648U 06056A   16201.57421336 -.00000247 +00000-0 +00000-0 0  9991	2 29648 000.0378 144.2249 0003785 339.6977 112.0943 01.00272531014165
TV	active	Anik F3	31102	1 31102U 07009A   16202.38786164 -.00000007  00000-0  00000+0 0  9994	2 31102   0.0153  79.3236 0002395  41.5390 198.6416  1.00272573 34042
TV	active	Galaxy 17	31307	1 31307U 07016B   16202.32212939 -.00000180  00000-0  00000+0 0  9999	2 31307   0.0209  25.6270 0003442  96.8011 201.0561  1.00271362 33785
TV	active	Directv 10	31862	1 31862U 07032A   16201.45881058 -.00000107  00000-0  00000+0 0  9999	2 31862   0.0096 286.1254 0000494 203.1721 230.7068  1.00270403 33119
TV	active	Spaceway 3	32018	1 32018U 07036A   16202.07406172 -.00000156  00000-0  00000+0 0  9990	2 32018   0.0161 222.8180 0001194 174.6063 192.5707  1.00268641 32834
TV	active	BSat 3A	32019	1 32019U 07036B   16201.86685071 -.00000355  00000-0  00000+0 0  9995	2 32019   0.0183 214.9563 0003345 322.7844 182.2608  1.00269579 32779
TV	active	Directv 11	32729	1 32729U 08013A   16201.31773762 -.00000130  00000-0  00000+0 0  9995	2 32729   0.0146 215.5900 0000217 272.9918 184.1408  1.00271760 30638
TV	active	ICO G1	32763	1 32763U 08016A   16202.32274946 -.00000171  00000-0  00000+0 0  9993	2 32763   3.9746 351.1342 0002933 134.7250 195.9916  1.00270960 30176
TV	active	Amos 3	32794	1 32794U 08022A   16202.19178602 -.00000040  00000-0  00000+0 0  9996	2 32794   0.0087 290.8612 0001801 162.4386 270.1119  1.00272370 30163
TV	active	Galaxy 18	32951	1 32951U 08024A   16201.51475491  .00000021  00000-0  00000+0 0  9992	2 32951   0.0129  61.6229 0002980  64.5464 233.8548  1.00272973 29799
TV	active	ChinaSat 9	33051	1 33051U 08028A   16201.79553819 -.00000253  00000-0  00000+0 0  9997	2 33051   0.0058 330.8758 0004092 146.6970 199.0501  1.00272949 29717
TV	active	Turksat 3A	33056	1 33056U 08030B   16201.79080956  .00000141  00000-0  00000+0 0  9997	2 33056   0.0486 194.9943 0005465 296.1808 133.5081  1.00274283 29784
TV	active	Echostar 11	33207	1 33207U 08035A   16201.47870207 -.00000061  00000-0  00000+0 0  9993	2 33207   0.0527 250.5953 0003411 242.1232 227.3067  1.00271663 29368
TV	active	Superbird C2	33274	1 33274U 08038A   16200.50014145 -.00000255 +00000-0 +00000-0 0  9990	2 33274 000.0095 059.0951 0001690 078.2447 123.3685 01.00270140069426
TV	active	Ciel 2	33453	1 33453U 08063A   16201.24632580 +.00000054 +00000-0 +00000-0 0  9994	2 33453 000.0432 288.8320 0003347 176.6671 151.7854 01.00272273027870
TV	active	Eutelsat Hot Bird 13C	33459	1 33459U 08065A   16201.13802914  .00000084  00000-0  00000+0 0  9992	2 33459   0.0469  56.5684 0006064  57.3294 246.1626  1.00276543 27953
TV	active	Eutelsat 48D	33460	1 33460U 08065B   16200.90891229  .00000120  00000-0  00000+0 0  9996	2 33460   0.0457 352.1617 0002079 138.9834 181.2695  1.00273498 27806
TV	active	NSS 9	33749	1 33749U 09008A   16201.76604661 +.00000067 +00000-0 +00000-0 0  9992	2 33749 000.0173 036.9404 0002400 081.3831 278.5066 01.00273105027221
TV	active	EUTELSAT 33E	33750	1 33750U 09008B   16202.17121532  .00000150  00000-0  00000+0 0  9993	2 33750   0.0402 319.7067 0004504 197.7166 235.6591  1.00271295 27310
TV	active	Eutelsat 10A	34710	1 34710U 09016A   16202.16963336  .00000063  00000-0  00000+0 0  9997	2 34710   0.0631  13.5698 0004809 106.7483 249.0902  1.00272160 26686
TV	active	Measat 3A	35362	1 35362U 09032A   16200.92048658 -.00000245 +00000-0 +00000-0 0  9996	2 35362 000.0204 232.1831 0002231 294.5984 193.2244 01.00268512025946
TV	active	JCSat RA	35755	1 35755U 09044A   16200.81954286 -.00000349 +00000-0 +00000-0 0  9991	2 35755 000.0492 049.8697 0001144 042.3518 267.7882 01.00271040025325
TV	active	Palapa D	35812	1 35812U 09046A   16199.86378030 -.00000360  00000-0  00000+0 0  9998	2 35812   0.0283  78.0922 0002163  43.7261 238.1995  1.00270981 25368
TV	active	Amazonas 2	35942	1 35942U 09054A   16202.37430405 -.00000288  00000-0  00000+0 0  9996	2 35942   0.0313 141.0371 0005733 348.9035 242.3951  1.00272095 24906
TV	active	Eutelsat 36B	36101	1 36101U 09065A   16201.79390491  .00000151  00000-0  00000+0 0  9999	2 36101   0.0628  12.7069 0004310 106.5490 140.4542  1.00270798 24513
TV	active	Intelsat 15	36106	1 36106U 09067A   16202.09820331 -.00000190  00000-0  00000+0 0  9995	2 36106   0.0357 291.3201 0002584 188.6051 298.8818  1.00271459 24312
TV	active	Directv 12	36131	1 36131U 09075A   16202.07528057 -.00000108  00000-0  00000+0 0  9999	2 36131   0.0331 224.6791 0000356 266.8816  91.0174  1.00271250 24090
tv	active	INTELSAT 16	36397	1 36397U 10006A   16202.25362633 -.00000290  00000-0  00000+0 0  9997	2 36397   0.0544 266.9068 0001953 205.2692 219.4708  1.00268938 23445
TV	active	Echostar 14	36499	1 36499U 10010A   16201.38084933 -.00000004  00000-0  00000+0 0  9995	2 36499   0.0205  54.9373 0002850  62.2815 198.5895  1.00270457 23231
TV	active	Astra 3B	36581	1 36581U 10021A   16201.79369345 +.00000132 +00000-0 +00000-0 0  9999	2 36581 000.0505 336.4760 0002821 151.4748 119.2463 01.00273346022586
TV	active	Badr 5	36592	1 36592U 10025A   16201.22024209  .00000141  00000-0  00000+0 0  9999	2 36592   0.0199 107.1598 0004227  30.3290 265.2058  1.00273348 22605
TV	active	Arabsat 5A	36745	1 36745U 10032B   16201.79386877 +.00000148 +00000-0 +00000-0 0  9999	2 36745 000.0503 009.1640 0003045 105.0877 140.0104 01.00270375022363
TV	active	Echostar 15	36792	1 36792U 10034A   16202.37430405 -.00000287  00000-0  00000+0 0  9999	2 36792   0.0202 338.3016 0002754 144.5344 248.8338  1.00269819 22118
TV	active	Rascom 1R	36831	1 36831U 10037B   16201.16603522 +.00000014 +00000-0 +00000-0 0  9992	2 36831 000.0177 060.8324 0004285 062.7193 236.4861 01.00271098022011
TV	active	XM 5	37185	1 37185U 10053A   16201.30882730 -.00000209  00000-0  00000+0 0  9995	2 37185   0.0239  51.0152 0000930 352.6102 279.8791  1.00269540 21143
TV	active	BSat 3B	37207	1 37207U 10056B   16200.75403610 -.00000354  00000-0  00000+0 0  9998	2 37207   0.0648 316.9981 0000644  59.5698 301.7191  1.00271275 20977
TV	active	Eutelsat KA-SAT 9A	37258	1 37258U 10069A   16201.14916909  .00000058  00000-0  00000+0 0  9992	2 37258   0.0507 288.6225 0004948 193.5040 237.9184  1.00272221 20529
TV	active	Hispasat 1E	37264	1 37264U 10070A   16201.35229904 -.00000220  00000-0  00000+0 0  9998	2 37264   0.0176 143.1048 0005091 342.7747 268.5215  1.00274269 20370
TV	active	Koreasat 6	37265	1 37265U 10070B   16200.64824907 -.00000365  00000-0  00000+0 0  9994	2 37265   0.0187  74.0920 0001765  36.6719 175.4838  1.00272078 20380
TV	active	Intelsat 28 (New Dawn)	37392	1 37392U 11016A   16201.79392976 +.00000151 +00000-0 +00000-0 0  9992	2 37392 000.0136 284.5388 0000598 183.9799 148.0949 01.00273186017003
TV	active	ChinaSat 10	37677	1 37677U 11026A   16202.53892005 -.00000358  00000-0  00000+0 0  9999	2 37677   0.0113 307.5781 0003262 308.2083 347.4831  1.00270116 18686
TV	active	GSAT 12	37746	1 37746U 11034A   16202.10035367 -.00000170  00000-0  00000+0 0  9990	2 37746   0.0706 263.3039 0006539 193.8857 320.2540  1.00271184 18663
TV	active	Kazsat 2	37749	1 37749U 11035B   16202.02958985 -.00000203  00000-0  00000+0 0  9992	2 37749   0.0259 140.0130 0001140  40.8756 214.4743  1.00273114 18286
TV	active	BSat 3C	37776	1 37776U 11041B   16200.86329162 -.00000355 +00000-0 +00000-0 0  9997	2 37776 000.0134 048.3188 0000381 137.0779 172.4432 01.00271400014191
TV	active	Paksat 1R	37779	1 37779U 11042A   16201.79342096 +.00000149 +00000-0 +00000-0 0  9995	2 37779 000.0163 153.7068 0001649 333.1084 134.8014 01.00274211018184
TV	active	SES 2	37809	1 37809U 11049A   16201.31053725 -.00000200 +00000-0 +00000-0 0  9991	2 37809 000.0436 290.6170 0002539 169.8663 221.8351 01.00271752017729
TV	active	QuetzSat 1	37826	1 37826U 11054A   16201.29560443 -.00000246  00000-0  00000+0 0  9992	2 37826   0.0293 322.9254 0002854 155.6417 208.3577  1.00270704 17794
TV	active	EUTE 16A (EUTE W3C)	37836	1 37836U 11057A   16201.98890317  .00000099  00000-0  00000+0 0  9993	2 37836   0.0631  21.3040 0003884 105.0844 183.7916  1.00273626 17497
TV	active	ViaSat 1	37843	1 37843U 11059A   16201.62486340 -.00000028  00000-0  00000+0 0  9994	2 37843   0.0216  45.7864 0002792  70.2315 291.6722  1.00270432 17981
TV	active	Luch 5A	37951	1 37951U 11074B   16202.34798274 -.00000051  00000-0  00000+0 0  9999	2 37951   1.6958 211.0092 0003343 260.8566 118.9525  1.00270772 16900
TV	active	Nigcomsat 1R	38014	1 38014U 11077A   16202.16856804  .00000139  00000-0  00000+0 0  9993	2 38014   0.0064 202.4844 0003073  59.9101 139.1316  1.00272788 16747
TV	active	SES 4	38087	1 38087U 12007A   16201.86702481 -.00000173  00000-0  00000+0 0  9993	2 38087   0.0185 359.7763 0002349 122.3025 106.1077  1.00270690 16199
TV	active	Apstar 7	38107	1 38107U 12013A   16201.86570392 -.00000106  00000-0  00000+0 0  9993	2 38107   0.0335  50.1707 0002240  58.6577 217.3737  1.00271430 15877
TV	active	JCSat 13	38331	1 38331U 12023A   16201.82773268 -.00000361  00000-0  00000+0 0  9999	2 38331   0.0091  54.1721 0002035  76.0864 229.7557  1.00270477 15282
TV	active	Vinasat 2	38332	1 38332U 12023B   16201.60743789 -.00000334 +00000-0 +00000-0 0  9992	2 38332 000.0140 337.1016 0002236 147.9242 163.3154 01.00271475010369
TV	active	Nimiq 6	38342	1 38342U 12026A   16201.42635686 -.00000178  00000-0  00000+0 0  9997	2 38342   0.0376 283.7655 0002067 194.2204 242.0316  1.00271971 15306
TV	active	Intelsat 19	38356	1 38356U 12030A   16201.71142629 -.00000061  00000-0  00000+0 0  9990	2 38356   0.0334 312.6551 0002648 167.2635 240.1043  1.00272531 15225
TV	active	SES 5	38652	1 38652U 12036A   16199.22806780  .00000032  00000-0  00000+0 0  9999	2 38652   0.0562 255.1579 0002247 213.8669 273.5309  1.00273301 14756
TV	active	Intelsat 21	38749	1 38749U 12045A   16201.33492243 -.00000289  00000-0  00000+0 0  9992	2 38749   0.0291  41.5741 0002499  75.4460 243.0054  1.00269604 14345
TV	active	Astra 2F	38778	1 38778U 12051A   16200.09861422 +.00000147 +00000-0 +00000-0 0  9995	2 38778 000.0837 244.3187 0002779 289.5427 186.1387 01.00273048004849
TV	active	Luch 5B	38977	1 38977U 12061A   16202.30759013 -.00000136  00000-0  00000+0 0  9993	2 38977   2.8817  76.9820 0003163  40.1555 275.8732  1.00274053 13883
TV	active	Yamal 300K	38978	1 38978U 12061B   16201.76604661  .00000066  00000-0  00000+0 0  9992	2 38978   0.0519 204.4323 0000256 303.6430 248.6421  1.00269453 13586
TV	active	Echostar 16	39008	1 39008U 12065A   16201.34436752 -.00000286  00000-0  00000+0 0  9994	2 39008   0.0236  57.8688 0002794  63.4304 238.7281  1.00268739 13514
TV	active	Eutelsat 70B	39020	1 39020U 12069A   16200.97866985 -.00000048 +00000-0 +00000-0 0  9992	2 39020 000.0678 335.0606 0003583 186.4306 198.5188 01.00275580013212
TV	active	Yamal 402	39022	1 39022U 12070A   16202.16753719  .00000080  00000-0  10000-3 0  9998	2 39022   0.0468 255.6244 0003122 211.2043 306.7531  1.00273823 13314
TV	active	MexSat 3	39035	1 39035U 12075B   16201.49198709 -.00000030  00000-0  00000+0 0  9995	2 39035   0.0520 205.7803 0002338 282.9186 231.3185  1.00272511 13181
TV	active	Azerspace	39079	1 39079U 13006B   16201.15250039  .00000129  00000-0  00000+0 0  9994	2 39079   0.0055 314.9028 0001068 162.7863 280.5702  1.00273871 12630
TV	active	Eutelsat 117 West A	39122	1 39122U 13012A   16201.49745958 -.00000017  00000-0  00000+0 0  9993	2 39122   0.0123  27.1018 0002377  92.5291 240.3928  1.00269959 12171
TV	active	Anik G1	39127	1 39127U 13014A   16201.47117300 -.00000078  00000-0  00000+0 0  9999	2 39127   0.0473 250.4267 0001163 260.6795 208.8967  1.00271912 11960
TV	active	Chinasat 11	39157	1 39157U 13020A   16202.47951354 -.00000297  00000-0  00000+0 0  9998	2 39157   0.0084  98.1347 0000648 294.1540 177.0545  1.00272997 11866
TV	active	Eutelsat 7B	39163	1 39163U 13022A   16201.15456659 +.00000044 +00000-0 +00000-0 0  9999	2 39163 000.0457 338.9562 0002822 056.9525 324.1068 01.00273562011701
TV	active	Eutelsat 25B	39233	1 39233U 13044A   16201.10336935 +.00000139 +00000-0 +00000-0 0  9995	2 39233 000.0443 012.8184 0001746 113.5804 233.6140 01.00271979010340
TV	active	Amos 4	39237	1 39237U 13045A   16200.99392184 +.00000003 +00000-0 +00000-0 0  9994	2 39237 000.0445 268.6820 0000805 211.9898 239.3327 01.00271312010661
TV	active	SES 8	39460	1 39460U 13071A   16200.91082456 -.00000273 +00000-0 +00000-0 0  9991	2 39460 000.0612 261.8054 0003019 209.9232 248.3002 01.00271265008235
TV	active	TKSAT-1 (Tupac Katari 1)	39481	1 39481U 13075A   16202.07423706 -.00000199  00000-0  00000+0 0  9990	2 39481   0.0496 246.8963 0001867 223.2226 127.6449  1.00268608  9558
TV	active	GSAT 14	39498	1 39498U 14001A   16200.96904024 -.00000081 +00000-0 +00000-0 0  9992	2 39498 000.0688 264.5302 0001098 279.1645 176.3010 01.00271373009147
TV	active	Thaicom 6	39500	1 39500U 14002A   16202.10228564 -.00000126  00000-0  00000+0 0  9992	2 39500   0.0510 131.2334 0004932   3.6519 278.7518  1.00271252  9236
TV	active	ABS-2	39508	1 39508U 14006A   16200.96647051 -.00000090 +00000-0 +00000-0 0  9993	2 39508 000.0530 290.7734 0002795 185.5152 243.7368 01.00270985009045
TV	active	Express AT1	39612	1 39612U 14010A   16201.91895663 +.00000073 +00000-0 +00000-0 0  9994	2 39612 000.0584 227.8962 0000346 259.7320 197.3124 01.00271076008758
TV	active	Express AT2	39613	1 39613U 14010B   16200.63504052 -.00000285  00000-0  00000+0 0  9997	2 39613   0.0666 231.9182 0000349  29.5607  43.8407  1.00271328  8573
TV	active	Amazonas 4A	39616	1 39616U 14011A   16201.34284882 -.00000287  00000-0  00000+0 0  9998	2 39616   0.0554  67.8554 0004602  21.4999 270.6940  1.00272852  8577
TV	active	Astra 5B	39617	1 39617U 14011B   16201.79389926  .00000150  00000-0  00000+0 0  9991	2 39617   0.0283  11.0173 0002822 111.7482 132.5437  1.00270934  8573
TV	active	Luch 5V	39727	1 39727U 14023A   16201.57428197 -.00000268 +00000-0 +00000-0 0  9998	2 39727 003.3453 299.7620 0001963 201.9804 097.4165 01.00267001526222
TV	active	Kazsat 3	39728	1 39728U 14023B   16202.00914689  .00000055  00000-0  00000+0 0  9996	2 39728   0.0103  74.9275 0000269  75.5048 209.5654  1.00271424  8151
TV	active	Eutelsat 3B	39773	1 39773U 14030A   16202.20749537  .00000015  00000-0  00000+0 0  9990	2 39773   0.0596 358.9754 0002747 103.4205 273.8296  1.00276258  7934
TV	active	Measat 3B	40147	1 40147U 14054B   16200.92054438 -.00000245 +00000-0 +00000-0 0  9996	2 40147 000.0219 019.9453 0001290 060.5149 279.5510 01.00269999006615
TV	active	Intelsat 30	40271	1 40271U 14062A   16202.32476557 -.00000156  00000-0  00000+0 0  9999	2 40271   0.0154  51.9481 0001905  34.9151 233.5176  1.00271372  6479
TV	active	Express AM6	40277	1 40277U 14064A   16202.16928047  .00000092  00000-0  00000+0 0  9993	2 40277   0.0228 145.1538 0000267  49.4209 217.7263  1.00275167  6388
TV	active	GSAT 16	40332	1 40332U 14078A   16201.02155246 +.00000080 +00000-0 +00000-0 0  9995	2 40332 000.1090 267.4023 0007686 181.6353 271.0473 01.00273156005848
TV	active	Directv 14	40333	1 40333U 14078B   16201.31773762 -.00000130  00000-0  00000+0 0  9993	2 40333   0.0155 326.3258 0001029  56.9631 289.3881  1.00271498  5946
TV	active	Astra 2G	40364	1 40364U 14089A   16202.09328692  .00000144  00000-0  00000+0 0  9997	2 40364   0.0371 336.4070 0004657 104.1983 279.4438  1.00271329  5738
TV	active	ABS-3A	40424	1 40424U 15010A   16201.18215673 -.00000030 +00000-0 +00000-0 0  9998	2 40424 000.0128 056.6524 0001935 335.9859 327.3701 01.00272428005122
TV	active	Eutelsat 115 West B	40425	1 40425U 15010B   16200.49486575 -.00000028  00000-0  00000+0 0  9999	2 40425   0.0009 169.0063 0000193  53.3887 137.6035  1.00269749  5130
TV	active	Express AM7	40505	1 40505U 15012A   16201.79411271  .00000146  00000-0  00000+0 0  9995	2 40505   0.0169  65.7681 0003065  56.2437 141.8699  1.00274880  5065
TV	active	TURKMENALEM52E/MONACOSAT	40617	1 40617U 15023A   16202.02686358  .00000098  00000-0  00000+0 0  9994	2 40617   0.0204  33.6994 0002330  93.3376 232.9843  1.00272612  4566
TV	active	Directv 15	40663	1 40663U 15026A   16201.45858092 -.00000107  00000-0  00000+0 0  9992	2 40663   0.0175  61.0144 0000441 283.5382  15.4425  1.00270139  4244
TV	active	Sky-Mexico 1	40664	1 40664U 15026B   16200.39500943 -.00000237 +00000-0 +00000-0 0  9999	2 40664 000.0173 035.9829 0002153 082.0123 242.0265 01.00270934004265
TV	active	Intelsat 34	40874	1 40874U 15039A   16201.32769167 -.00000290  00000-0  00000+0 0  9993	2 40874   0.0218  48.5554 0000505 351.1598 320.2885  1.00268218  3389
TV	active	Eutelsat 8 West B	40875	1 40875U 15039B   16201.19620330 -.00000070  00000-0  00000+0 0  9993	2 40875   0.0625  11.0707 0002497 104.3828 244.5690  1.00271791  3408
TV	active	GSAT 6	40880	1 40880U 15041A   16200.94384746 -.00000168 +00000-0 +00000-0 0  9991	2 40880 000.5206 271.2275 0006206 353.2568 095.4412 01.00270869003345
TV	active	ARSAT 2	40941	1 40941U 15054B   16201.39832419 -.00000229 +00000-0 +00000-0 0  9996	2 40941 000.0501 258.4386 0001579 221.6693 239.9043 01.00272482003024
TV	active	Apstar 9	40982	1 40982U 15059A   16202.50165981 -.00000272  00000-0  00000+0 0  9990	2 40982   0.0145 346.2542 0000238 294.6841 340.3555  1.00270877  2861
TV	active	Turksat 4B	40984	1 40984U 15060A   16201.03555567  .00000111  00000-0  00000+0 0  9995	2 40984   0.0168   0.5000 0002527 116.3193 243.2032  1.00271459  2813
TV	active	GSAT 15	41028	1 41028U 15065A   16200.91478424 -.00000261  00000-0  00000+0 0  9999	2 41028   0.0555 260.2251 0001764 149.1863 310.6005  1.00268834  2560
tv	active	BADR 7 (ARABSAT-6B)	41029	1 41029U 15065B   16201.10188180  .00000140  00000-0  00000+0 0  9994	2 41029   0.0230 267.2445 0003089 307.7023 145.0329  1.00269327  2618
TV	active	LAOSat 1	41034	1 41034U 15067A   16200.81770167 -.00000346 +00000-0 +00000-0 0  9991	2 41034 000.0335 153.4590 0002616 304.6550 261.9123 01.00272402002565
TV	active	Telstar 12V	41036	1 41036U 15068A   16201.21553834 -.00000123  00000-0  00000+0 0  9991	2 41036   0.0228 125.3694 0002019   7.2879 227.3563  1.00271669  2432
TV	active	Express AMU1	41191	1 41191U 15082A   16201.59789516  .00000151  00000-0  00000+0 0  9998	2 41191   0.0216  23.5463 0002406  89.8990  75.6906  1.00270879  2217
tv	active	SES-9	41380	1 41380U 16013A   16201.77132641 -.00000350  00000-0  00000+0 0  9996	2 41380   0.0370 289.1744 0001885 179.5732 215.2239  1.00271542  1455
tv	active	EUTE 65W	41382	1 41382U 16014A   16201.35454479 -.00000281  00000-0  00000+0 0  9992	2 41382   0.0339  20.3416 0001634  95.8878 243.7840  1.00272538  1355
TV	active	JCSAT-14	41471	1 41471U 16028A   16200.74739846 -.00000169  00000-0  00000+0 0  9997	2 41471   0.0586 255.1119 0002656 219.0488 245.8637  1.00271163   795
TV	active	THAICOM 8	41552	1 41552U 16031A   16201.95378287 -.00000127  00000-0  00000+0 0  9997	2 41552   0.0564  40.6820 0003776  39.8507 279.5064  1.00273060   494
TV	active	INTELSAT 31	41581	1 41581U 16035A   16201.48985975 -.00000170 +00000-0 +00000-0 0  9998	2 41581 000.0642 231.9851 0003914 288.9247 199.1015 01.01327131000419
TV	active	EUTELSAT 117W B	41589	1 41589U 16038B   16202.29166667 -.00000359  00000-0  00000+0 0  9996	2 41589  15.4319 310.0120 7600923 177.5197 154.1698  1.08609887   408
TV	active	ECHOSTAR 18	41592	1 41592U 16039B   16201.36014270 -.00000276 +00000-0 +00000-0 0  9999	2 41592 000.0507 199.9001 0002423 265.6070 254.5162 01.00270297000330
TV, communications	active	Optus B3	23227	1 23227U 94055A   16202.50871741 -.00000087  00000-0  00000+0 0  9998	2 23227   6.8693  52.6701 0003043  76.4851 156.8980  1.00272788 80158
TV, communications	active	Brasilsat B4	26469	1 26469U 00046A   16200.40945056 -.00000214 +00000-0 +00000-0 0  9997	2 26469 000.9682 087.2102 0002874 024.8116 248.0050 01.00269590058663
TV, communications	active	Intelsat 12	26590	1 26590U 00068A   16201.59617914 +.00000132 +00000-0 +00000-0 0  9994	2 26590 000.0474 239.4562 0002815 257.2642 060.6903 01.00272608015426
TV, communications	active	Telstar 11N	34111	1 34111U 09009A   16202.24884265 -.00000256  00000-0  00000+0 0  9991	2 34111   0.0223  59.4959 0003418  52.7775 238.2074  1.00272287 27126
Tv, communications, data	active	Intelsat 29e	41308	1 41308U 16004A   16201.31252008 -.00000286  00000-0  00000+0 0  9994	2 41308   0.0161  29.6118 0002323  89.9737 240.4376  1.00267537  1868
TV, communications, data, radio	active	Intelsat 9	26451	1 26451U 00043A   16202.19083189 -.00000277  00000-0  00000+0 0  9991	2 26451   2.8823  73.0079 0002399  42.9432 208.0354  1.00273772 58550
TV, communications, data, radio	active	Directv 9S	29494	1 29494U 06043A   16202.38977641 -.00000119  00000-0  00000+0 0  9998	2 29494   0.0158  81.3867 0003400  36.8964 219.5229  1.00270510 35813
TV, communications, military	active	YAHSAT 1A	37393	1 37393U 11016B   16201.59837987 +.00000096 +00000-0 +00000-0 0  9995	2 37393 000.0251 065.1473 0001472 039.8788 100.7143 01.00272280006114
TV, communications, military	active	Express AM8	40895	1 40895U 15048A   16202.36908959 -.00000117  00000-0  00000+0 0  9993	2 40895   0.0360 221.1779 0000208 308.8059 247.4400  1.00271636  3098
TV, communications, military, radio	active	Express AM33	32478	1 32478U 08003A   16202.74046846 -.00000287  00000-0  00000+0 0  9992	2 32478   0.0535 234.6439 0000492 340.4246  86.9229  1.00271210 31338
tv, data	active	INMARSAT 3-F5	25153	1 25153U 98006B   16202.19781914 -.00000293  00000-0  00000+0 0  9994	2 25153   1.9164  74.5504 0005038  50.0294 191.0681  1.00270687 67606
tv, data	active	INTELSAT 805	25371	1 25371U 98037A   16202.44075052 -.00000036  00000-0  00000+0 0  9992	2 25371   0.0124 348.9488 0003285 126.9879 150.3616  1.00271998 66271
TV, data	active	N-SAT-110	26559	1 26559U 00060A   16201.51506037 -.00000356 +00000-0 +00000-0 0  9995	2 26559 000.0409 265.3326 0000072 097.4931 230.3848 01.00270775004989
TV, data	active	Eutelsat 5 West A	27460	1 27460U 02035A   16202.18524468 -.00000048  00000-0  00000+0 0  9990	2 27460   0.0455 340.2345 0005275 136.3424 243.4737  1.00272133 51463
TV, data	active	Thaicom 4	28786	1 28786U 05028A   16201.79627763 -.00000368 +00000-0 +00000-0 0  9991	2 28786 000.0167 039.8000 0002624 078.6619 225.6869 01.00270675015987
TV, data	active	Telkom 2	28902	1 28902U 05046A   16201.79623953 -.00000368 +00000-0 +00000-0 0  9998	2 28902 000.0248 264.6907 0001123 226.3928 211.5565 01.00272039039146
TV, data	active	Intelsat 25 (Protostar 1)	33153	1 33153U 08034A   16201.26125519 -.00000228  00000-0  00000+0 0  9993	2 33153   0.0407 251.1705 0003029 219.0718 249.7869  1.00271053 29332
TV, data	active	AMC 21	33275	1 33275U 08038B   16201.56358106  .00000031  00000-0  00000+0 0  9996	2 33275   0.0331 312.7326 0002998 170.2032 252.8253  1.00272961 29170
TV, data	active	Hylas 1	37237	1 37237U 10065A   16202.36570448 -.00000239  00000-0  00000+0 0  9996	2 37237   0.0332 339.4210 0001786 137.7493 279.5854  1.00271464 20726
TV, data	active	Hylas 2	38741	1 38741U 12043B   16201.08804353  .00000150  00000-0  00000+0 0  9999	2 38741   0.0144 356.9919 0002002 124.9111 238.1132  1.00273483 14552
TV, data	active	Asiasat 8	40107	1 40107U 14046A   16202.73799278 -.00000339  00000-0  00000+0 0  9995	2 40107   0.0139 336.2973 0001440 162.8453 170.7443  1.00269000  7212
TV, data	active	Asiasat 6	40141	1 40141U 14052A   16201.96113053 -.00000367  00000-0  00000+0 0  9996	2 40141   0.0092  67.2952 0000761  43.2793 293.5084  1.00271402  6875
TV, data	active	Thor 7	40613	1 40613U 15022A   16202.17308256 -.00000014  00000-0  00000+0 0  9992	2 40613   0.0056  81.5328 0002890  37.5297 240.9665  1.00269926  4535
TV, data, communications	active	Intelsat 26 (JCSAT 4)	24732	1 24732U 97007A   16202.09611126  .00000016  00000-0  00000+0 0  9994	2 24732   6.9366  52.5287 0003483  68.4704 274.0775  1.00271923 70987
TV, data, communications	active	Superbird B2	26095	1 26095U 00012A   16201.83205228 -.00000097  00000-0  00000+0 0  9991	2 26095   0.0449 249.3948 0001632 229.7990 280.3851  1.00271800 60147
TV, data, communications	active	Astra 2D	26638	1 26638U 00081A   16201.21343524 +.00000062 +00000-0 +00000-0 0  9996	2 26638 003.0060 071.6016 0002035 038.1012 321.7757 01.00270563016612
TV, data, communications	active	Inmarsat-4F1	28628	1 28628U 05009A   16199.80015346 -.00000263  00000-0  00000+0 0  9994	2 28628   2.8296   7.3198 0002658 116.4987 243.7695  1.00272094 41376
TV, data, communications	active	Inmarsat-4F2	28899	1 28899U 05044A   16201.01794608  .00000008  00000-0  00000+0 0  9991	2 28899   2.5096   7.2384 0002511 120.6781 239.6639  1.00271993 39202
tv, data, communications	active	EUTELSAT 9B	41310	1 41310U 16005A   16201.14899395 +.00000058 +00000-0 +00000-0 0  9992	2 41310 000.0505 170.3136 0001356 222.1660 327.5252 01.00274824001821
TV, data, communications, gps	active	Inmarsat-3F1	23839	1 23839U 96020A   16201.85982878 +.00000002 +00000-0 +00000-0 0  9999	2 23839 003.3516 069.0799 0005459 045.7475 197.2592 01.00271177074024
TV, data, communications, gps	active	Inmarsat-3F2	24307	1 24307U 96053A   16202.16956735 -.00000130  00000-0  00000+0 0  9996	2 24307   1.9540  79.4108 0004467  35.6403 228.8528  1.00271139 72736
TV, data, communications, gps	active	Inmarsat-3F3	24674	1 24674U 96070A   16202.44100208  .00000031  00000-0  00000+0 0  9998	2 24674   2.7809  73.4158 0004313  48.7636 153.3057  1.00272651 71673
TV, data, communications, gps	active	Inmarsat-3F4	24819	1 24819U 97027A   16201.79310718 +.00000092 +00000-0 +00000-0 0  9996	2 24819 005.1810 059.4735 0007838 001.4580 202.7871 00.99496615070045
TV, data, communications, gps	active	Inmarsat-4F3	33278	1 33278U 08039A   16202.23870084 -.00000140  00000-0  00000+0 0  9991	2 33278   3.0173 358.1572 0002626 126.6656 161.5540  1.00271516 28979
TV, data, radio	active	NSS 6	27603	1 27603U 02057A   16201.79561443 -.00000275 +00000-0 +00000-0 0  9996	2 27603 000.0167 045.2191 0001301 071.8350 202.3710 01.00271672049807
TV, data, radio	active	Badr 4	29526	1 29526U 06051A   16202.23306516  .00000139  00000-0  00000+0 0  9995	2 29526   0.0501 335.6109 0001626 101.6949 331.0108  1.00271361 35605
TV, data, radio	active	Badr 6	33154	1 33154U 08034B   16201.79375442  .00000140  00000-0  00000+0 0  9996	2 33154   0.0517  28.7147 0005081  63.6147 157.4397  1.00275945 29461
TV, data, radio	active	SES 7	34941	1 34941U 09027A   16201.77132641 -.00000350  00000-0  00000+0 0  9998	2 34941   0.0274  61.6161 0000438 153.9522 108.3357  1.00272268 26327
TV, data, radio	active	SES 3	37748	1 37748U 11035A   16202.06949079 -.00000107  00000-0  00000+0 0  9992	2 37748   0.0567 278.9921 0002705 197.3800 103.9125  1.00272784 18404
TV, gps	active	Galaxy 15	28884	1 28884U 05041A   16201.62810319  .00000074  00000-0  00000+0 0  9990	2 28884   0.0243 312.6251 0001073 165.5911 272.7306  1.00271227 39337
TV, gps	active	GSAT 8	37605	1 37605U 11022A   16202.16753719  .00000080  00000-0  00000+0 0  9994	2 37605   0.0511  98.4111 0002842 152.6404 162.6473  1.00271810 18954
TV, gps	active	GSAT 10	38779	1 38779U 12051B   16200.94402019 -.00000169 +00000-0 +00000-0 0  9998	2 38779 000.0737 098.0424 0002266 003.4953 258.4843 01.00270325013817
TV, military	active	Koreasat 5	29349	1 29349U 06034A   16202.40587242 -.00000364  00000-0  00000+0 0  9996	2 29349   0.0167  81.4412 0001302  26.2064  90.1226  1.00270816 36340
TV, military	active	STAR ONE C1	32293	1 32293U 07056A   16201.35404815 -.00000281  00000-0  00000+0 0  9998	2 32293   0.0115   9.2790 0002438 108.6828 242.0629  1.00270756 31811
TV, military	active	Turksat 4A	39522	1 39522U 14007A   16202.05486041  .00000141  00000-0  00000+0 0  9997	2 39522   0.0699 267.5958 0001307 259.2867 193.1172  1.00270332  8920
TV, military, communications	active	Yahsat 1B	38245	1 38245U 12016A   16201.04207637 +.00000122 +00000-0 +00000-0 0  9996	2 38245 000.0192 056.3099 0001371 025.6826 278.0230 01.00271034009334
TV, radio	active	Intelsat 701	22871	1 22871U 93066A   16202.11955130 -.00000223  00000-0  00000+0 0  9997	2 22871   3.5655  68.8136 0003287  43.9111 199.1121  1.00271936 83067
TV, radio	active	AMC 3	24936	1 24936U 97050A   16201.49561929 -.00000277 +00000-0 +00000-0 0  9997	2 24936 000.0494 271.0222 0001224 216.5770 281.5235 01.00270668016144
TV, radio	active	AMC 4	25954	1 25954U 99060A   16201.35964636 -.00000277  00000-0  00000+0 0  9997	2 25954   0.0100  11.0204 0002817  97.4503 251.5566  1.00269498 61198
TV, radio	active	NSS 11	26554	1 26554U 00059A   16201.77132641 -.00000349  00000-0  00000+0 0  9993	2 26554   0.0506 279.9988 0002809 196.2978 207.5501  1.00269474 57890
TV, radio	active	AMC 6	26580	1 26580U 00067A   16201.43771530 -.00000264  00000-0  00000+0 0  9996	2 26580   0.0238 336.8664 0003182 147.3536 259.0071  1.00272701 57696
TV, radio	active	Intelsat 904	27380	1 27380U 02007A   16201.91679039 +.00000044 +00000-0 +00000-0 0  9991	2 27380 000.0475 274.7701 0003418 208.5844 204.8101 01.00272484015474
TV, radio	active	Intelsat 903	27403	1 27403U 02016A   16202.43280895 -.00000244  00000-0  00000+0 0  9995	2 27403   0.0179  51.5027 0002970  69.5957 298.8309  1.00270684 52367
TV, radio	active	NSS 7	27414	1 27414U 02019A   16200.46535395 -.00000159  00000-0  00000+0 0  9994	2 27414   1.2055  84.9129 0002599  32.0553 327.2401  1.00272423 52253
TV, radio	active	Galaxy 3C	27445	1 27445U 02030A   16200.43988531 -.00000154  00000-0  00000+0 0  9997	2 27445   0.0217 325.7874 0001748  13.5392  20.6629  1.00270687 51656
TV, radio	active	Intelsat 907	27683	1 27683U 03007A   16201.25019919 -.00000207  00000-0  00000+0 0  9991	2 27683   0.0169  35.8993 0003158  83.6136 240.5186  1.00271118 49094
TV, radio	active	Galaxy 12	27715	1 27715U 03013B   16202.44248094  .00000053  00000-0  00000+0 0  9992	2 27715   0.0506 250.2126 0002350 245.9850 192.7149  1.00271366 48715
TV, radio	active	Asiasat 4	27718	1 27718U 03014A   16202.47823374 -.00000365  00000-0  00000+0 0  9996	2 27718   0.0095  52.7511 0001420  24.5583 155.6704  1.00272913 48630
TV, radio	active	Galaxy 23	27854	1 27854U 03034A   16201.29440763  .00000009  00000-0  00000+0 0  9999	2 27854   0.0181  60.9797 0002796  60.0194 161.4941  1.00272409 52244
TV, radio	active	Yamal 202	28089	1 28089U 03053A   16202.16840403  .00000114  00000-0  00000+0 0  9990	2 28089   0.0437  82.8018 0003181  44.6076 280.5618  1.00273334 46395
TV, radio	active	AMC 11	28252	1 28252U 04017A   16202.39775256  .00000063  00000-0  00000+0 0  9994	2 28252   0.0260 334.1700 0002502 161.2741 175.3247  1.00272897 44416
TV, radio	active	Telstar 18	28364	1 28364U 04024A   16201.51577693 -.00000298  00000-0  00000+0 0  9995	2 28364   0.0128 300.6599 0002621 174.5512 146.1859  1.00271043 44251
TV, radio	active	NSS 10	28526	1 28526U 05003A   16202.37174394 -.00000256  00000-0  00000+0 0  9993	2 28526   0.0409 303.1617 0003091 179.9959 271.7886  1.00271034 42037
TV, radio	active	Galaxy 28	28702	1 28702U 05022A   16202.14084417 -.00000190  00000-0  00000+0 0  9998	2 28702   0.0169  51.2054 0001211 287.2802 281.5455  1.00271168 40536
TV, radio	active	Express AM3	28707	1 28707U 05023A   16201.57448016 -.00000326  00000-0  00000+0 0  9990	2 28707   0.0406 235.6658 0000562  16.9889 354.9294  1.00270122 40550
TV, radio	active	Insat 4A	28911	1 28911U 05049A   16201.94123364 -.00000170  00000-0  00000+0 0  9999	2 28911   0.0458 259.6528 0002072 322.5282 137.7993  1.00271820 38801
TV, radio	active	Thaicom 5	29163	1 29163U 06020B   16201.85480272 -.00000125  00000-0  00000+0 0  9993	2 29163   0.0708 264.5162 0001782 279.4760 140.2810  1.00267084 37236
TV, radio	active	Insat 4B	30793	1 30793U 07007A   16201.79557631 -.00000263 +00000-0 +00000-0 0  9991	2 30793 000.4602 089.6682 0002117 128.0413 100.1909 01.00270935005917
TV, radio	active	Astra 1L	31306	1 31306U 07016A   16202.10191843  .00000114  00000-0  00000+0 0  9990	2 31306   0.0857 298.8795 0000689 163.8276 251.4713  1.00271152 33748
TV, radio	active	ChinaSat 6B	31800	1 31800U 07031A   16202.40743074 -.00000367  00000-0  00000+0 0  9999	2 31800   0.0342  78.2789 0003047  26.7039  95.8257  1.00269989 33180
TV, radio	active	Insat 4CR	32050	1 32050U 07037A   16201.85679602 -.00000082 +00000-0 +00000-0 0  9991	2 32050 000.1057 269.5753 0004068 342.0879 068.8406 01.00272308015105
TV, radio	active	Optus D2	32252	1 32252U 07044A   16201.64658265 -.00000188  00000-0  00000+0 0  9998	2 32252   0.0384 312.8978 0002818 169.5287 200.2021  1.00271992 32144
TV, radio	active	Intelsat 11	32253	1 32253U 07044B   16202.19098734 -.00000274  00000-0  00000+0 0  9995	2 32253   0.0174 270.0941 0003117 216.0354 198.0173  1.00268078 32236
TV, radio	active	Astra 4A	32299	1 32299U 07057A   16201.79324369 +.00000027 +00000-0 +00000-0 0  9996	2 32299 000.0451 290.8314 0002826 182.0694 115.4688 01.00271555015412
TV, radio	active	Horizons 2	32388	1 32388U 07063B   16202.09820331 -.00000187  00000-0  00000+0 0  9993	2 32388   0.0097  59.9057 0003331  59.7287 298.8600  1.00271099 31595
TV, radio	active	Thor 5	32487	1 32487U 08006A   16202.30454295 -.00000015  00000-0  00000+0 0  9997	2 32487   0.0236 270.3345 0002677 213.1617 283.8947  1.00269724 30896
TV, radio	active	Nimiq 4	33373	1 33373U 08044A   16202.07435904 -.00000225  00000-0  00000+0 0  9997	2 33373   0.0210  65.7600 0002093  47.9662 129.2834  1.00270022 28548
TV, radio	active	Venesat 1	33414	1 33414U 08055A   16201.29557394 -.00000241 +00000-0 +00000-0 0  9995	2 33414 000.0284 125.0237 0002494 040.0309 160.8303 01.00269588028387
TV, radio	active	Astra 1M	33436	1 33436U 08057A   16201.73769647  .00000116  00000-0  00000+0 0  9995	2 33436   0.0488 257.7007 0005278 233.1137  91.9003  1.00276487 28187
TV, radio	active	Express AM44	33595	1 33595U 09007A   16201.85099175 -.00000093 +00000-0 +00000-0 0  9998	2 33595 000.0312 223.5299 0000726 326.5359 043.3469 01.00272174027263
TV, radio	active	AsiaSat 5	35696	1 35696U 09042A   16201.79672243 -.00000312  00000-0  00000+0 0  9990	2 35696   0.0110  45.3467 0002068  31.9068 248.0730  1.00273888 25373
TV, radio	active	Optus D3	35756	1 35756U 09044B   16201.51627243 -.00000152 +00000-0 +00000-0 0  9992	2 35756 000.0388 008.2546 0003353 085.1802 186.1629 01.00271145025270
TV, radio	active	Nimiq 5	35873	1 35873U 09050A   16202.07458772 -.00000262  00000-0  00000+0 0  9991	2 35873   0.0448 254.5932 0002264 221.6017 136.2355  1.00271100 25067
TV, radio	active	NSS 12	36032	1 36032U 09058A   16201.01611359 +.00000067 +00000-0 +00000-0 0  9995	2 36032 000.0329 310.9454 0002562 166.5312 242.5462 01.00272467024656
TV, radio	active	Thor 6	36033	1 36033U 09058B   16202.24036153 -.00000016  00000-0  00000+0 0  9999	2 36033   0.0086 261.4780 0002429 242.8255 239.8235  1.00270627 24670
TV, radio	active	SES 1	36516	1 36516U 10016A   16202.44320512 -.00000120  00000-0  00000+0 0  9994	2 36516   0.0426 291.3734 0001959 178.4690 247.3550  1.00271933 22852
TV, radio	active	Nilesat 201	36830	1 36830U 10037A   16201.80493461 -.00000063  00000-0  00000+0 0  9995	2 36830   0.0533 202.9366 0006017 267.3764 110.4692  1.00271665 21992
TV, radio	active	ChinaSat 6A	37150	1 37150U 10042A   16202.40183576 -.00000359  00000-0  00000+0 0  9995	2 37150   0.0218 116.4776 0002352 319.2584 132.5893  1.00274564 21615
TV, radio	active	Intelsat 17	37238	1 37238U 10065B   16201.85012133 -.00000007  00000-0  00000+0 0  9995	2 37238   0.0387 256.7238 0002260 228.6533 184.7042  1.00272543 20625
TV, radio	active	ST 2	37606	1 37606U 11022B   16202.53818697 -.00000216  00000-0  00000+0 0  9995	2 37606   0.0139  56.2116 0001704  78.4633  85.8114  1.00266375 18962
TV, radio	active	Astra 1N	37775	1 37775U 11041A   16201.07549116  .00000116  00000-0  00000+0 0  9996	2 37775   0.0497   6.8576 0004705  82.1084 254.7065  1.00274305 18091
TV, radio	active	Arabsat 5C	37810	1 37810U 11049B   16202.10191843  .00000118  00000-0  00000+0 0  9991	2 37810   0.0614 358.9163 0002901 124.6692 231.4203  1.00274806 17628
TV, radio	active	Eutelsat 7 West A	37816	1 37816U 11051A   16202.19143006 -.00000065  00000-0  00000+0 0  9999	2 37816   0.0645  36.0535 0003627  85.7277 238.2506  1.00273916 17685
TV, radio	active	Intelsat 18	37834	1 37834U 11056A   16201.57811172  .00000048  00000-0  00000+0 0  9991	2 37834   0.0174  46.4173 0002213  68.1493 211.3327  1.00272300 17555
TV, radio	active	Asiasat 7	37933	1 37933U 11069A   16202.73799278 -.00000340  00000-0  00000+0 0  9992	2 37933   0.0242 276.5232 0001860 165.9409 227.6327  1.00269780 17180
TV, radio	active	Intelsat 23	38867	1 38867U 12057A   16201.32082323 -.00000289 +00000-0 +00000-0 0  9990	2 38867 000.0203 278.8090 0001667 201.2711 239.9330 01.00270325013718
TV, radio	active	Amazonas 3	39078	1 39078U 13006A   16201.34290592 -.00000287  00000-0  00000+0 0  9998	2 39078   0.0610 240.2567 0004808 314.1687 165.5574  1.00284036 12675
TV, radio	active	SES 6	39172	1 39172U 13026A   16202.18792626 -.00000267  00000-0  00000+0 0  9991	2 39172   0.0202  34.2156 0002331  84.6775 206.6342  1.00270725 11442
TV, radio	active	Astra 2E	39285	1 39285U 13056A   16202.09239338  .00000145  00000-0  00000+0 0  9999	2 39285   0.0502 357.6738 0002637 112.3052 250.0459  1.00271595 10306
TV, radio	active	Yamal 401	40345	1 40345U 14082A   16202.42522331 -.00000234  00000-0  00000+0 0  9993	2 40345   0.0484 135.7751 0000622 163.5548 242.2967  1.00270329  6120
TV, radio	active	Star One C4	40733	1 40733U 15034B   16201.36787671 -.00000269  00000-0  00000+0 0  9992	2 40733   0.0251 350.7646 0001470  98.5826 270.6662  1.00271098  3749
TV, radio	active	ABS 2A	41588	1 41588U 16038A   16202.29166667 -.00000374  00000-0  00000+0 0  9992	2 41588  16.2839 309.3750 7697214 178.3095 310.3651  1.10764995   408
TV, radio ,data, communications	active	Star One C3	38991	1 38991U 12062A   16202.07453435 -.00000254  00000-0  00000+0 0  9994	2 38991   0.0437 250.7913 0001769 244.5501 114.7833  1.00270347 13563
TV, radio, communications	active	HellasSat 2	27811	1 27811U 03020A   16202.16945271  .00000147  00000-0  00000+0 0  9991	2 27811   0.0176  45.9335 0004861  71.7067 280.7273  1.00269452 48056
TV, radio, communications	active	Vinasat 1	32767	1 32767U 08018A   16200.80845398 -.00000332  00000-0  00000+0 0  9994	2 32767   0.0460 278.8865 0001930 211.8476 229.2793  1.00272367 30301
TV, radio, communications	active	Galaxy 19	33376	1 33376U 08045A   16201.44272307 -.00000143  00000-0  00000+0 0  9996	2 33376   0.0149  40.3753 0003401  76.8854 242.7739  1.00269321 28543
Tv, radio, communications, data	active	BELINTERSAT 1	41238	1 41238U 16001A   16201.92173053 +.00000102 +00000-0 +10000-3 0  9993	2 41238 000.0367 272.1003 0002081 186.8125 222.5441 01.00269362001980
TV, radio, communications, military	active	Express AM5	39487	1 39487U 13077A   16202.53337941 -.00000286  00000-0  00000+0 0  9991	2 39487   0.0332 144.3793 0000690 212.2166 274.2106  1.00271987 10083
TV, radio, data	active	Horizons 1	27954	1 27954U 03044A   16200.67647255 +.00000045 +00000-0 +00000-0 0  9998	2 27954 000.0217 062.6666 0001328 313.1095 037.6169 01.00270814010272
TV, radio, data	active	Intelsat 14	36097	1 36097U 09064A   16201.29864028 -.00000278  00000-0  00000+0 0  9990	2 36097   0.0186  29.1219 0002586  92.1481 238.7553  1.00269503 24412
TV, radio, data	active	Eutelsat 21B	38992	1 38992U 12062B   16201.11417381  .00000126  00000-0  00000+0 0  9996	2 38992   0.0632 358.7431 0001598 135.1063 226.1606  1.00274821 13571
TV, radio, data	active	ARSAT 1	40272	1 40272U 14062B   16202.07461058 -.00000265  00000-0  00000+0 0  9993	2 40272   0.0556 252.4639 0001322 232.4138 128.4563  1.00271244  6595
TV, radio, data, communications	active	Intelsat 10-02	28358	1 28358U 04022A   16202.24036153 -.00000017  00000-0  00000+0 0  9997	2 28358   0.0151  89.3517 0000816 352.0201 302.6113  1.00271023 44343
TV, radio, data, communications	active	Intelsat 22	38098	1 38098U 12011A   16200.97423959 -.00000062 +00000-0 +00000-0 0  9999	2 38098 000.0174 012.5905 0001676 122.6928 224.7269 01.00271009015541
TV, radio, data, communications	active	Intelsat 20	38740	1 38740U 12043A   16201.98133882 -.00000029  00000-0  00000+0 0  9995	2 38740   0.0206  43.9272 0000551 313.1418   2.9307  1.00269539 14541
TV, radio, data, military, communications	active	Star One C2	32768	1 32768U 08018B   16201.36786867 -.00000269  00000-0  00000+0 0  9991	2 32768   0.0167 139.0177 0002482   4.8614 216.1377  1.00269122 30259
TV,data, communications	active	Optus 10	40146	1 40146U 14054A   16201.71690842 -.00000079  00000-0  00000+0 0  9992	2 40146   0.0274  77.6533 0001708  42.2236 240.1365  1.00271878  6838
TV. military, communications	active	Optus C1	27831	1 27831U 03028B   16201.64566816 -.00000152  00000-0  00000+0 0  9994	2 27831   0.0212 248.7636 0004187 247.8612 189.6865  1.00270264 48023
weather	active	METEOSAT 8 (MSG 1)	27509	1 27509U 02040B   16202.06631098  .00000078  00000-0  00000+0 0  9997	2 27509   4.2594  59.6287 0000563 144.1660 128.8439  1.00395153 50964
weather	active	KALPANA 1 (METSAT 1)	27525	1 27525U 02043A   16201.12822983 -.00000089 +00000-0 +00000-0 0  9993	2 27525 005.7868 057.4946 0012176 218.9334 140.9936 01.00272131050766
weather	active	INSAT 3A	27714	1 27714U 03013A   16201.79557631 -.00000263 +00000-0 +00000-0 0  9993	2 27714 000.0509 099.2470 0007487 358.8917 219.7876 01.00273067048609
weather	active	MTSAT-1R	28622	1 28622U 05006A   16201.90065696 -.00000224 +00000-0 +00000-0 0  9991	2 28622 001.0941 084.0181 0013478 206.9574 097.0055 00.98914846008211
weather	active	METEOSAT 9 (MSG 2)	28912	1 28912U 05049B   16202.06615994  .00000055  00000-0  00000+0 0  9990	2 28912   1.5604  68.6440 0000538 306.5753 316.0953  1.00269756 38782
weather	active	MTSAT-2	28937	1 28937U 06004A   16201.65152949 -.00000248 +00000-0 +00000-0 0  9995	2 28937 000.0155 063.8139 0003710 048.3373 205.2664 01.00269747038193
weather	active	GOES 13	29155	1 29155U 06018A   16200.38580591 -.00000249  00000-0  00000+0 0  9990	2 29155   0.1219 264.1922 0005954 192.1295 263.7430  1.00260206 37210
weather	active	FENGYUN 2D	29640	1 29640U 06053A   16201.96320272 -.00000368 +00000-0 +10000-3 0  9998	2 29640 003.8390 066.1085 0001624 202.9875 139.0910 01.00260759035267
weather	active	FENGYUN 2E	33463	1 33463U 08066A   16202.02958985 -.00000204  00000-0  00000+0 0  9992	2 33463   1.5648  63.3299 0003575 198.2846 133.4698  1.00278085 27795
weather	active	GOES 14	35491	1 35491U 09033A   16202.46128469 -.00000097  00000-0  00000+0 0  9994	2 35491   0.3080  97.5161 0004643 103.4392 159.0216  1.00272546 25876
weather	active	GOES 15	36411	1 36411U 10008A   16201.54876173 +.00000084 +00000-0 +00000-0 0  9997	2 36411 000.2399 098.7261 0000574 027.8832 233.3922 01.00278708023382
weather	active	ELEKTRO-L	37344	1 37344U 11001A   16202.09611126  .00000093  00000-0  00000+0 0  9992	2 37344   1.7674  79.3359 0034116  81.2572 234.6124  0.99710835 20178
weather	active	FENGYUN 2F	38049	1 38049U 12002A   16202.36784604 -.00000363  00000-0  00000+0 0  9990	2 38049   1.0476  75.8665 0003147 183.5934 283.7050  1.00270763 16603
weather	active	METEOSAT 10 (MSG 3)	38552	1 38552U 12035B   16202.17089260 -.00000010  00000-0  00000+0 0  9999	2 38552   0.5055   9.7875 0001702 176.5780 173.6293  1.00268760 14938
weather	active	INSAT 3D	39216	1 39216U 13038B   16201.94380665 -.00000161  00000-0  00000+0 0  9995	2 39216   0.0542 268.4679 0000628 194.9133 256.6221  1.00272389 11011
weather	active	HIMAWARI 8	40267	1 40267U 14060A   16199.87527270 -.00000278  00000-0  00000+0 0  9991	2 40267   0.0401 102.5785 0001333   4.0116 285.3096  1.00271538  6552
weather	active	FENGYUN 2G	40367	1 40367U 14090A   16202.47790787 -.00000335  00000-0  00000+0 0  9995	2 40367   1.1209 271.2214 0003707 311.3650 352.8482  1.00269183  5759
weather	active	MSG 4	40732	1 40732U 15034A   16201.89268552 -.00000032  00000-0  00000+0 0  9999	2 40732   2.4472 255.5477 0000572  56.1263 304.2207  1.00275770  3751
weather	active	ELEKTRO-L 2	41105	1 41105U 15074A   16202.10228564 -.00000120  00000-0  00000+0 0  9990	2 41105   0.0274 295.1919 0002034 181.8776 295.8921  1.00270895  2234
weather, earth observing	active	COMS 1	36744	1 36744U 10032A   16201.60743789 -.00000349 +00000-0 +00000-0 0  9991	2 36744 000.0334 078.8194 0001083 048.8122 157.0585 01.00271201014785